Workbook

Sheet Data
A1: STT | B1: Ngày đặt hàng | C1: Mã đơn hàng | D1: Mã sp | E1: Tên sp | F1: Đơn giá | G1: SL | H1: Thành tiền | I1: Chiết Khấu | J1: Thành Tiền | K1: Mã KH(nếu có)
A2: 1 | B2: 31 Aug 2022 23:43 | C2: 366940445061687 | D2: LSF36 | E2: =VLOOKUP(D2,'Tên SP'!B$2:C$1070,2,0) -> NƯỚC XẢ VẢI LIXSOFT 3,6L/C04 | F2: 92000 | G2: 1 | H2: 92000 | I2: -100 | J2: =H2+I2 -> 91900
A3: 2 | B3: 31 Aug 2022 18:58 | C3: 368633199013801 | D3: N2501 | E3: =VLOOKUP(D3,'Tên SP'!B$2:C$1070,2,0) -> NƯỚC GIẶT LIX SIÊU SẠCH HOA ANH ĐÀO 3.5KG/C04 | F3: 115000 | G3: 1 | H3: 115000 | I3: -250 | J3: =H3+I3 -> 114750
A4: 3 | B4: 31 Aug 2022 18:19 | C4: 368605190602943 | D4: NLS2 | E4: =VLOOKUP(D4,'Tên SP'!B$2:C$1070,2,0) -> NƯỚC LAU SÀN ĐUỔI CÔN TRÙNG LIX 2L/C08 | F4: 55000 | G4: 1 | H4: 55000 | I4: -3000 | J4: =H4+I4 -> 52000
A5: 4 | B5: 31 Aug 2022 18:19 | C5: 368605190602943 | D5: NLS2 | E5: =VLOOKUP(D5,'Tên SP'!B$2:C$1070,2,0) -> NƯỚC LAU SÀN ĐUỔI CÔN TRÙNG LIX 2L/C08 | F5: 55000 | G5: 1 | H5: 55000 | I5: -3000 | J5: =H5+I5 -> 52000
A6: 5 | B6: 31 Aug 2022 18:19 | C6: 368605190602943 | D6: NLS2 | E6: =VLOOKUP(D6,'Tên SP'!B$2:C$1070,2,0) -> NƯỚC LAU SÀN ĐUỔI CÔN TRÙNG LIX 2L/C08 | F6: 55000 | G6: 1 | H6: 55000 | I6: -3000 | J6: =H6+I6 -> 52000
A7: 6 | B7: 31 Aug 2022 18:19 | C7: 368605190602943 | D7: NLS2 | E7: =VLOOKUP(D7,'Tên SP'!B$2:C$1070,2,0) -> NƯỚC LAU SÀN ĐUỔI CÔN TRÙNG LIX 2L/C08 | F7: 55000 | G7: 1 | H7: 55000 | I7: -3000 | J7: =H7+I7 -> 52000
A8: 7 | B8: 31 Aug 2022 18:19 | C8: 368605190602943 | D8: NLS2 | E8: =VLOOKUP(D8,'Tên SP'!B$2:C$1070,2,0) -> NƯỚC LAU SÀN ĐUỔI CÔN TRÙNG LIX 2L/C08 | F8: 55000 | G8: 1 | H8: 55000 | I8: -3000 | J8: =H8+I8 -> 52000
A9: 8 | B9: 31 Aug 2022 17:27 | C9: 366909009196710 | D9: NGH07 | E9: =VLOOKUP(D9,'Tên SP'!B$2:C$1070,2,0) -> NƯỚC GIẶT LIX HƯƠNG NƯỚC HOA 3,5KG/T04 TÚI | F9: 105000 | G9: 1 | H9: 105000 | I9: -150 | J9: =H9+I9 -> 104850
A10: 9 | B10: 31 Aug 2022 16:35 | C10: 366852289570416 | D10: NGH07 | E10: =VLOOKUP(D10,'Tên SP'!B$2:C$1070,2,0) -> NƯỚC GIẶT LIX HƯƠNG NƯỚC HOA 3,5KG/T04 TÚI | F10: 105000 | G10: 1 | H10: 105000 | I10: 0 | J10: =H10+I10 -> 105000
A11: 10 | B11: 31 Aug 2022 11:19 | C11: 366856837367684 | D11: LSH36 | E11: =VLOOKUP(D11,'Tên SP'!B$2:C$1070,2,0) -> NƯỚC XẢ VẢI LIXSOFT HƯƠNG HOA HỒNG 3,6L/C04 | F11: 79000 | G11: 1 | H11: 79000 | I11: -100 | J11: =H11+I11 -> 78900
A12: 11 | B12: 31 Aug 2022 10:51 | C12: 368612720880962 | D12: NG350 | E12: =VLOOKUP(D12,'Tên SP'!B$2:C$1070,2,0) -> NƯỚC GIẶT LIX ĐẬM ĐẶC 3,5KG/T04 TÚI | F12: 88000 | G12: 1 | H12: 88000 | I12: 0 | J12: =H12+I12 -> 88000
A13: 12 | B13: 31 Aug 2022 10:51 | C13: 368612720880962 | D13: NG350 | E13: =VLOOKUP(D13,'Tên SP'!B$2:C$1070,2,0) -> NƯỚC GIẶT LIX ĐẬM ĐẶC 3,5KG/T04 TÚI | F13: 88000 | G13: 1 | H13: 88000 | I13: 0 | J13: =H13+I13 -> 88000
... A1937: 1948 | B1937: 01 Aug 2022 00:07 | C1937: 364039196577720 | D1937: NG350 | E1937: =VLOOKUP(D1937,'Tên SP'!B$2:C$1070,2,0) -> NƯỚC GIẶT LIX ĐẬM ĐẶC 3,5KG/T04 TÚI | F1937: 88000 | G1937: 1 | H1937: 88000 | I1937: 0 | J1937: =H1937+I1937 -> 88000

Sheet Tên SP
A1: STT | B1: MÃ SP | C1: TÊN SP
A2: 1 | B2: EB010 | C2: BỘT GIẶT LIXE 9KG/02
A3: 2 | B3: EB550 | C3: BỘT GIẶT LIXE 5,5KG/03
A4: 3 | B4: EB247 | C4: BỘT GIẶT LIXE 2,4KG/05
A5: 4 | B5: EB024 | C5: BỘT GIẶT LIXE 2,4KG/06
A6: 5 | B6: EB568 | C6: BỘT GIẶT LIXE 5,5KG/03
A7: 6 | B7: EB247 | C7: BỘT GIẶT LIXE 2,4KG/05
A8: 7 | B8: EH070 | C8: BỘT GIẶT LIXE HƯƠNG NƯỚC HOA 7KG/02
A9: 8 | B9: EH055 | C9: BỘT GIẶT LIXE HƯƠNG NƯỚC HOA 5,5KG/03
A10: 9 | B10: EH025 | C10: BỘT GIẶT LIXE HƯƠNG NƯỚC HOA 2,4KG/05
A11: 10 | B11: EC550 | C11: BỘT GIẶT LIXE CHANH 5,5KG/03
A12: 11 | B12: EC258 | C12: BỘT GIẶT LIXE CHANH 2,4KG/05
A13: 12 | B13: EH554 | C13: BỘT GIẶT LIXE HƯƠNG NƯỚC HOA 5,5KG/03
... A108: 107 | B108: NGM39 | C108: NƯỚC GIẶT LIX MATIC HƯƠNG NƯỚC HOA 3,6KG/C04
